id,firstname,lastname,email
1000,Nollie,Phi,Nollie.Phi@yopmail.com
1001,Damaris,Buffum,Damaris.Buffum@yopmail.com
1002,Marleah,Lattie,Marleah.Lattie@yopmail.com
1003,Basia,Shaddock,Basia.Shaddock@yopmail.com
1004,Teriann,Kelula,Teriann.Kelula@yopmail.com
1005,Letizia,Zitvaa,Letizia.Zitvaa@yopmail.com
1006,Lily,Waldron,Lily.Waldron@yopmail.com
1007,Danny,Luhe,Danny.Luhe@yopmail.com
1008,Hyacinthe,Martguerita,Hyacinthe.Martguerita@yopmail.com
1009,Nyssa,Pillsbury,Nyssa.Pillsbury@yopmail.com
1010,Shaine,Gerge,Shaine.Gerge@yopmail.com
1011,Desirae,Goerke,Desirae.Goerke@yopmail.com
1012,Leona,Vittoria,Leona.Vittoria@yopmail.com
1013,Goldie,Dermott,Goldie.Dermott@yopmail.com
1014,Doralynne,Simmonds,Doralynne.Simmonds@yopmail.com
1015,Asia,Weaks,Asia.Weaks@yopmail.com
1016,June,Ackerley,June.Ackerley@yopmail.com
1017,Jorry,Voletta,Jorry.Voletta@yopmail.com
1018,Jessy,Gahl,Jessy.Gahl@yopmail.com
1019,Rosabelle,Mott,Rosabelle.Mott@yopmail.com
1020,Anthia,Lissi,Anthia.Lissi@yopmail.com
1021,Cherilyn,Neva,Cherilyn.Neva@yopmail.com
1022,Wynne,Linehan,Wynne.Linehan@yopmail.com
1023,Annaliese,Cleo,Annaliese.Cleo@yopmail.com
1024,Margarette,Harriman,Margarette.Harriman@yopmail.com
1025,Kylynn,Nahum,Kylynn.Nahum@yopmail.com
1026,Celisse,Adrienne,Celisse.Adrienne@yopmail.com
1027,Heida,Fiann,Heida.Fiann@yopmail.com
1028,Dione,Ciro,Dione.Ciro@yopmail.com
1029,Lanae,Konyn,Lanae.Konyn@yopmail.com
1030,Moyna,Seligman,Moyna.Seligman@yopmail.com
1031,Lynnea,Ashok,Lynnea.Ashok@yopmail.com
1032,Leia,Roumell,Leia.Roumell@yopmail.com
1033,Mady,Anyah,Mady.Anyah@yopmail.com
1034,Ethel,Urania,Ethel.Urania@yopmail.com
1035,Carmencita,Uird,Carmencita.Uird@yopmail.com
1036,Sibella,Elisha,Sibella.Elisha@yopmail.com
1037,Darci,Geffner,Darci.Geffner@yopmail.com
1038,Jeanna,Dermott,Jeanna.Dermott@yopmail.com
1039,Ofilia,Maurine,Ofilia.Maurine@yopmail.com
1040,Paulita,Christine,Paulita.Christine@yopmail.com
1041,Christy,Judye,Christy.Judye@yopmail.com
1042,Melanie,Henebry,Melanie.Henebry@yopmail.com
1043,Sharlene,Gahl,Sharlene.Gahl@yopmail.com
1044,Jany,Hazlett,Jany.Hazlett@yopmail.com
1045,Mureil,Sinegold,Mureil.Sinegold@yopmail.com
1046,Rozele,Baptlsta,Rozele.Baptlsta@yopmail.com
1047,Renie,Velick,Renie.Velick@yopmail.com
1048,Lorne,Brenn,Lorne.Brenn@yopmail.com
1049,Emylee,Alcott,Emylee.Alcott@yopmail.com
1050,Leona,Destinee,Leona.Destinee@yopmail.com
1051,Oona,Jarib,Oona.Jarib@yopmail.com
1052,Alia,Nelsen,Alia.Nelsen@yopmail.com
1053,Kellen,Lail,Kellen.Lail@yopmail.com
1054,Karolina,Sawtelle,Karolina.Sawtelle@yopmail.com
1055,Nollie,Iphlgenia,Nollie.Iphlgenia@yopmail.com
1056,Marguerite,McLaughlin,Marguerite.McLaughlin@yopmail.com
1057,Alejandra,Larochelle,Alejandra.Larochelle@yopmail.com
1058,Di,Septima,Di.Septima@yopmail.com
1059,Rivalee,Beniamino,Rivalee.Beniamino@yopmail.com
1060,Caryl,Yorick,Caryl.Yorick@yopmail.com
1061,Willetta,Schwejda,Willetta.Schwejda@yopmail.com
1062,Dari,Pulsifer,Dari.Pulsifer@yopmail.com
1063,Kalina,Tybald,Kalina.Tybald@yopmail.com
1064,Kalina,Gahl,Kalina.Gahl@yopmail.com
1065,Dagmar,Deegan,Dagmar.Deegan@yopmail.com
1066,Ernesta,Linskey,Ernesta.Linskey@yopmail.com
1067,Marjie,Linehan,Marjie.Linehan@yopmail.com
1068,Roberta,Carolin,Roberta.Carolin@yopmail.com
1069,Sharlene,Penelopa,Sharlene.Penelopa@yopmail.com
1070,Selia,Raffo,Selia.Raffo@yopmail.com
1071,Lynde,Lenny,Lynde.Lenny@yopmail.com
1072,Natka,Adamsen,Natka.Adamsen@yopmail.com
1073,Zaria,Briney,Zaria.Briney@yopmail.com
1074,Hollie,Hanleigh,Hollie.Hanleigh@yopmail.com
1075,Henriette,Wadell,Henriette.Wadell@yopmail.com
1076,Mara,Bebe,Mara.Bebe@yopmail.com
1077,Carilyn,Markman,Carilyn.Markman@yopmail.com
1078,Dawn,Franza,Dawn.Franza@yopmail.com
1079,Delilah,Macey,Delilah.Macey@yopmail.com
1080,Rayna,Macey,Rayna.Macey@yopmail.com
1081,Coral,Cosenza,Coral.Cosenza@yopmail.com
1082,Shirlee,Wattenberg,Shirlee.Wattenberg@yopmail.com
1083,Gusella,Michella,Gusella.Michella@yopmail.com
1084,Britni,Gladstone,Britni.Gladstone@yopmail.com
1085,Nyssa,Granoff,Nyssa.Granoff@yopmail.com
1086,Ruthe,Danby,Ruthe.Danby@yopmail.com
1087,Lindie,Wallis,Lindie.Wallis@yopmail.com
1088,Ebonee,Donoghue,Ebonee.Donoghue@yopmail.com
1089,Nanete,Bivins,Nanete.Bivins@yopmail.com
1090,Genevra,My,Genevra.My@yopmail.com
1091,Melisent,Flyn,Melisent.Flyn@yopmail.com
1092,Dominga,Septima,Dominga.Septima@yopmail.com
1093,Lonnie,Santoro,Lonnie.Santoro@yopmail.com
1094,Tami,Lesley,Tami.Lesley@yopmail.com
1095,Melanie,Deny,Melanie.Deny@yopmail.com
1096,Grier,Stephie,Grier.Stephie@yopmail.com
1097,Mahalia,Saunderson,Mahalia.Saunderson@yopmail.com
1098,Isa,Jehu,Isa.Jehu@yopmail.com
1099,Dominga,Korey,Dominga.Korey@yopmail.com
1100,Heddie,Raama,Heddie.Raama@yopmail.com
1101,Merle,Gamaliel,Merle.Gamaliel@yopmail.com
1102,Karlee,Birdella,Karlee.Birdella@yopmail.com
1103,Ebonee,Elbertina,Ebonee.Elbertina@yopmail.com
1104,Kittie,Albertine,Kittie.Albertine@yopmail.com
1105,Claresta,Kiersten,Claresta.Kiersten@yopmail.com
1106,Melanie,Keelia,Melanie.Keelia@yopmail.com
1107,Alexine,Alwin,Alexine.Alwin@yopmail.com
1108,Karolina,Gombach,Karolina.Gombach@yopmail.com
1109,Tybie,Seessel,Tybie.Seessel@yopmail.com
1110,Teriann,Richers,Teriann.Richers@yopmail.com
1111,Penelopa,Rheingold,Penelopa.Rheingold@yopmail.com
1112,Rosabelle,Phyllis,Rosabelle.Phyllis@yopmail.com
1113,Basia,Ludewig,Basia.Ludewig@yopmail.com
1114,Kalina,Bergman,Kalina.Bergman@yopmail.com
1115,Pearline,Alabaster,Pearline.Alabaster@yopmail.com
1116,Laurene,Carlson,Laurene.Carlson@yopmail.com
1117,Lynea,Cookie,Lynea.Cookie@yopmail.com
1118,Misha,Gilmour,Misha.Gilmour@yopmail.com
1119,Xylina,Seessel,Xylina.Seessel@yopmail.com
1120,Berget,Capello,Berget.Capello@yopmail.com
1121,Cissiee,Damarra,Cissiee.Damarra@yopmail.com
1122,Evita,Dudley,Evita.Dudley@yopmail.com
1123,Rhea,Burch,Rhea.Burch@yopmail.com
1124,Nelle,Jary,Nelle.Jary@yopmail.com
1125,Aili,Carbo,Aili.Carbo@yopmail.com
1126,Ethel,Forrer,Ethel.Forrer@yopmail.com
1127,Sheree,Wesle,Sheree.Wesle@yopmail.com
1128,Addia,Capello,Addia.Capello@yopmail.com
1129,Quintina,Ramona,Quintina.Ramona@yopmail.com
1130,Sheelagh,Atonsah,Sheelagh.Atonsah@yopmail.com
1131,Zondra,Guildroy,Zondra.Guildroy@yopmail.com
1132,Mellicent,Posner,Mellicent.Posner@yopmail.com
1133,Ottilie,Redmond,Ottilie.Redmond@yopmail.com
1134,Georgina,Yuille,Georgina.Yuille@yopmail.com
1135,Sam,Cohdwell,Sam.Cohdwell@yopmail.com
1136,Pamella,Hubert,Pamella.Hubert@yopmail.com
1137,Susan,Hessler,Susan.Hessler@yopmail.com
1138,Suzette,Rosette,Suzette.Rosette@yopmail.com
1139,Violet,Rolf,Violet.Rolf@yopmail.com
1140,Raina,Cassius,Raina.Cassius@yopmail.com
1141,Bee,Naashom,Bee.Naashom@yopmail.com
1142,Bernardine,Fulmer,Bernardine.Fulmer@yopmail.com
1143,Atlanta,Marden,Atlanta.Marden@yopmail.com
1144,Orsola,Earlie,Orsola.Earlie@yopmail.com
1145,Christian,Reidar,Christian.Reidar@yopmail.com
1146,Henriette,Dominy,Henriette.Dominy@yopmail.com
1147,Bee,Hailee,Bee.Hailee@yopmail.com
1148,Alisha,Obed,Alisha.Obed@yopmail.com
1149,Candi,Autrey,Candi.Autrey@yopmail.com
1150,Katharina,Carey,Katharina.Carey@yopmail.com
1151,Hollie,Nisbet,Hollie.Nisbet@yopmail.com
1152,Larine,Romelda,Larine.Romelda@yopmail.com
1153,Pamella,Desai,Pamella.Desai@yopmail.com
1154,Albertina,Tannie,Albertina.Tannie@yopmail.com
1155,Orelia,Helfand,Orelia.Helfand@yopmail.com
1156,Alejandra,Nester,Alejandra.Nester@yopmail.com
1157,Nananne,Granoff,Nananne.Granoff@yopmail.com
1158,Audrie,Stuart,Audrie.Stuart@yopmail.com
1159,Ebonee,Maurine,Ebonee.Maurine@yopmail.com
1160,Charlena,Gibbeon,Charlena.Gibbeon@yopmail.com
1161,Dominga,Larochelle,Dominga.Larochelle@yopmail.com
1162,Andree,Aida,Andree.Aida@yopmail.com
1163,Eadie,Kesley,Eadie.Kesley@yopmail.com
1164,Fernande,Liebermann,Fernande.Liebermann@yopmail.com
1165,Flo,Adore,Flo.Adore@yopmail.com
1166,Doro,Wu,Doro.Wu@yopmail.com
1167,Caryl,Syd,Caryl.Syd@yopmail.com
1168,Larine,Cloris,Larine.Cloris@yopmail.com
1169,Atlanta,Even,Atlanta.Even@yopmail.com
1170,Alexine,Felecia,Alexine.Felecia@yopmail.com
1171,Kara-Lynn,Killigrew,Kara-Lynn.Killigrew@yopmail.com
1172,Modestia,Manolo,Modestia.Manolo@yopmail.com
1173,Tybie,Zina,Tybie.Zina@yopmail.com
1174,Wilma,Creamer,Wilma.Creamer@yopmail.com
1175,Wynne,Lenny,Wynne.Lenny@yopmail.com
1176,Fanchon,Dituri,Fanchon.Dituri@yopmail.com
1177,Heddie,Clie,Heddie.Clie@yopmail.com
1178,Gratia,Poppy,Gratia.Poppy@yopmail.com
1179,Monika,Olympium,Monika.Olympium@yopmail.com
1180,Betta,Alexandr,Betta.Alexandr@yopmail.com
1181,Elfreda,Zenas,Elfreda.Zenas@yopmail.com
1182,Eolanda,Shuler,Eolanda.Shuler@yopmail.com
1183,Hannis,Brotherson,Hannis.Brotherson@yopmail.com
1184,Karolina,Boycey,Karolina.Boycey@yopmail.com
1185,Hermione,Couture,Hermione.Couture@yopmail.com
1186,Caryl,Dom,Caryl.Dom@yopmail.com
1187,Florencia,Santoro,Florencia.Santoro@yopmail.com
1188,Gianina,Allina,Gianina.Allina@yopmail.com
1189,Lanna,Honoria,Lanna.Honoria@yopmail.com
1190,Lorie,Scammon,Lorie.Scammon@yopmail.com
1191,Cassondra,Boycey,Cassondra.Boycey@yopmail.com
1192,Romona,Lynn,Romona.Lynn@yopmail.com
1193,Margarette,Raul,Margarette.Raul@yopmail.com
1194,Meg,Rubie,Meg.Rubie@yopmail.com
1195,Violet,Bibi,Violet.Bibi@yopmail.com
1196,Tiffie,Karl,Tiffie.Karl@yopmail.com
1197,Dacia,Glenden,Dacia.Glenden@yopmail.com
1198,Constance,Cleo,Constance.Cleo@yopmail.com
1199,Carlie,Arley,Carlie.Arley@yopmail.com
1200,Gabi,Brodench,Gabi.Brodench@yopmail.com
1201,Keelia,Zaslow,Keelia.Zaslow@yopmail.com
1202,Lauryn,Gillan,Lauryn.Gillan@yopmail.com
1203,Margette,Lauraine,Margette.Lauraine@yopmail.com
1204,Zaria,Fredi,Zaria.Fredi@yopmail.com
1205,Mara,Susannah,Mara.Susannah@yopmail.com
1206,Jany,Pernick,Jany.Pernick@yopmail.com
1207,Elsie,Henrie,Elsie.Henrie@yopmail.com
1208,Feliza,Baudin,Feliza.Baudin@yopmail.com
1209,Belva,Hortensia,Belva.Hortensia@yopmail.com
1210,Zondra,Kelula,Zondra.Kelula@yopmail.com
1211,Letizia,Salvidor,Letizia.Salvidor@yopmail.com
1212,Angelique,Ventre,Angelique.Ventre@yopmail.com
1213,Corly,Redmond,Corly.Redmond@yopmail.com
1214,Fanny,Hubert,Fanny.Hubert@yopmail.com
1215,Flo,Neils,Flo.Neils@yopmail.com
1216,Jordan,Garlinda,Jordan.Garlinda@yopmail.com
1217,Harmonia,Gahl,Harmonia.Gahl@yopmail.com
1218,Ekaterina,Anyah,Ekaterina.Anyah@yopmail.com
1219,Gretal,Klemperer,Gretal.Klemperer@yopmail.com
1220,Karolina,Artie,Karolina.Artie@yopmail.com
1221,Carlie,Giule,Carlie.Giule@yopmail.com
1222,Marline,Yerkovich,Marline.Yerkovich@yopmail.com
1223,Adore,Christine,Adore.Christine@yopmail.com
1224,Carlie,Geffner,Carlie.Geffner@yopmail.com
1225,Gusella,Casimir,Gusella.Casimir@yopmail.com
1226,Ingrid,Wyn,Ingrid.Wyn@yopmail.com
1227,Melodie,Curren,Melodie.Curren@yopmail.com
1228,Lusa,Ader,Lusa.Ader@yopmail.com
1229,Adore,Doig,Adore.Doig@yopmail.com
1230,Benita,Mauer,Benita.Mauer@yopmail.com
1231,Gretal,Wenda,Gretal.Wenda@yopmail.com
1232,Addia,Hazlett,Addia.Hazlett@yopmail.com
1233,Anestassia,Erb,Anestassia.Erb@yopmail.com
1234,Corene,Dunkin,Corene.Dunkin@yopmail.com
1235,Brietta,Dowski,Brietta.Dowski@yopmail.com
1236,Leanna,Gusella,Leanna.Gusella@yopmail.com
1237,Marjie,Zenas,Marjie.Zenas@yopmail.com
1238,Agnese,Carmena,Agnese.Carmena@yopmail.com
1239,Rivalee,Leffen,Rivalee.Leffen@yopmail.com
1240,Rosanne,Fancie,Rosanne.Fancie@yopmail.com
1241,Jaclyn,Ricki,Jaclyn.Ricki@yopmail.com
1242,Stephanie,Candy,Stephanie.Candy@yopmail.com
1243,Modestia,Haerr,Modestia.Haerr@yopmail.com
1244,Dorice,Poppy,Dorice.Poppy@yopmail.com
1245,Daryl,Rubie,Daryl.Rubie@yopmail.com
1246,Annabela,Revkah,Annabela.Revkah@yopmail.com
1247,Sharai,Idelia,Sharai.Idelia@yopmail.com
1248,Tabbatha,Cassius,Tabbatha.Cassius@yopmail.com
1249,Sonni,Margarete,Sonni.Margarete@yopmail.com
1250,Yvonne,Modie,Yvonne.Modie@yopmail.com
1251,Shannah,Dudley,Shannah.Dudley@yopmail.com
1252,Kate,Leopold,Kate.Leopold@yopmail.com
1253,Millie,Yoko,Millie.Yoko@yopmail.com
1254,Liana,Ioab,Liana.Ioab@yopmail.com
1255,Asia,Fabiola,Asia.Fabiola@yopmail.com
1256,Trixi,Ellord,Trixi.Ellord@yopmail.com
1257,Josephine,Hachmin,Josephine.Hachmin@yopmail.com
1258,Evaleen,Matthew,Evaleen.Matthew@yopmail.com
1259,June,Fry,June.Fry@yopmail.com
1260,Tamqrah,Klemperer,Tamqrah.Klemperer@yopmail.com
1261,Marcelline,Bach,Marcelline.Bach@yopmail.com
1262,Alisha,Korey,Alisha.Korey@yopmail.com
1263,Jerry,Gombach,Jerry.Gombach@yopmail.com
1264,Merrie,Ietta,Merrie.Ietta@yopmail.com
1265,Roslyn,Agle,Roslyn.Agle@yopmail.com
1266,Ileana,Liebermann,Ileana.Liebermann@yopmail.com
1267,Dominga,Maisey,Dominga.Maisey@yopmail.com
1268,Renie,Clarissa,Renie.Clarissa@yopmail.com
1269,Dotty,Valerio,Dotty.Valerio@yopmail.com
1270,Elmira,Cath,Elmira.Cath@yopmail.com
1271,Mara,Juan,Mara.Juan@yopmail.com
1272,Kara-Lynn,Jess,Kara-Lynn.Jess@yopmail.com
1273,Codie,Melleta,Codie.Melleta@yopmail.com
1274,Almeta,McClimans,Almeta.McClimans@yopmail.com
1275,Emmey,Sibyls,Emmey.Sibyls@yopmail.com
1276,Dari,Michella,Dari.Michella@yopmail.com
1277,Gale,Ortrude,Gale.Ortrude@yopmail.com
1278,Millie,McClimans,Millie.McClimans@yopmail.com
1279,Paola,Hamil,Paola.Hamil@yopmail.com
1280,Corry,Bivins,Corry.Bivins@yopmail.com
1281,Donetta,Wattenberg,Donetta.Wattenberg@yopmail.com
1282,Jackie,Kaete,Jackie.Kaete@yopmail.com
1283,Carree,Astra,Carree.Astra@yopmail.com
1284,Madeleine,Angelis,Madeleine.Angelis@yopmail.com
1285,Fernande,Riva,Fernande.Riva@yopmail.com
1286,Donnie,Raychel,Donnie.Raychel@yopmail.com
1287,Sibella,Madox,Sibella.Madox@yopmail.com
1288,Kara-Lynn,Obed,Kara-Lynn.Obed@yopmail.com
1289,Marylou,Billye,Marylou.Billye@yopmail.com
1290,Concettina,Mauer,Concettina.Mauer@yopmail.com
1291,Melisent,Iiette,Melisent.Iiette@yopmail.com
1292,Felice,Hillel,Felice.Hillel@yopmail.com
1293,Donnie,Zaslow,Donnie.Zaslow@yopmail.com
1294,Leontine,Bibi,Leontine.Bibi@yopmail.com
1295,Paola,Kinnard,Paola.Kinnard@yopmail.com
1296,Sandie,Thar,Sandie.Thar@yopmail.com
1297,Henriette,Colyer,Henriette.Colyer@yopmail.com
1298,Nickie,Marijo,Nickie.Marijo@yopmail.com
1299,Wilma,Hachmin,Wilma.Hachmin@yopmail.com
1300,Atlanta,Lea,Atlanta.Lea@yopmail.com
1301,Brietta,Melleta,Brietta.Melleta@yopmail.com
1302,Hallie,Edmund,Hallie.Edmund@yopmail.com
1303,Brooks,Land,Brooks.Land@yopmail.com
1304,Sissy,Halla,Sissy.Halla@yopmail.com
1305,Augustine,Sabella,Augustine.Sabella@yopmail.com
1306,Robinia,Gwenore,Robinia.Gwenore@yopmail.com
1307,Ernesta,Kenwood,Ernesta.Kenwood@yopmail.com
1308,Meriel,Thad,Meriel.Thad@yopmail.com
1309,Clary,Bendick,Clary.Bendick@yopmail.com
1310,Tatiania,Vernier,Tatiania.Vernier@yopmail.com
1311,Cecile,Constancy,Cecile.Constancy@yopmail.com
1312,Shaylyn,Socha,Shaylyn.Socha@yopmail.com
1313,Vonny,Kaete,Vonny.Kaete@yopmail.com
1314,Marinna,Concha,Marinna.Concha@yopmail.com
1315,Marinna,Ursulette,Marinna.Ursulette@yopmail.com
1316,Edee,Jaylene,Edee.Jaylene@yopmail.com
1317,Lisette,Hewitt,Lisette.Hewitt@yopmail.com
1318,Sissy,Sundin,Sissy.Sundin@yopmail.com
1319,Caritta,Raychel,Caritta.Raychel@yopmail.com
1320,Heddie,Chobot,Heddie.Chobot@yopmail.com
1321,Malina,Alrich,Malina.Alrich@yopmail.com
1322,Aurore,Hortensia,Aurore.Hortensia@yopmail.com
1323,Brietta,Hepsibah,Brietta.Hepsibah@yopmail.com
1324,Jinny,August,Jinny.August@yopmail.com
1325,Michaelina,Jess,Michaelina.Jess@yopmail.com
1326,Sheree,Jerald,Sheree.Jerald@yopmail.com
1327,Angelique,Mozelle,Angelique.Mozelle@yopmail.com
1328,Elsie,Kenney,Elsie.Kenney@yopmail.com
1329,Gratia,Rooney,Gratia.Rooney@yopmail.com
1330,Kary,Guildroy,Kary.Guildroy@yopmail.com
1331,Di,Darian,Di.Darian@yopmail.com
1332,Ashlee,Weinreb,Ashlee.Weinreb@yopmail.com
1333,Margette,Rad,Margette.Rad@yopmail.com
1334,Mellicent,Lattie,Mellicent.Lattie@yopmail.com
1335,Kamilah,Sinegold,Kamilah.Sinegold@yopmail.com
1336,Deirdre,Eiser,Deirdre.Eiser@yopmail.com
1337,Leona,Ambrosia,Leona.Ambrosia@yopmail.com
1338,Tani,Kosey,Tani.Kosey@yopmail.com
1339,Alexine,Louanna,Alexine.Louanna@yopmail.com
1340,Oralee,Holbrook,Oralee.Holbrook@yopmail.com
1341,Jaclyn,Bartlett,Jaclyn.Bartlett@yopmail.com
1342,Yolane,Lumbard,Yolane.Lumbard@yopmail.com
1343,Queenie,Magnolia,Queenie.Magnolia@yopmail.com
1344,Shaylyn,Vanni,Shaylyn.Vanni@yopmail.com
1345,Tina,Garbe,Tina.Garbe@yopmail.com
1346,Fayre,Bari,Fayre.Bari@yopmail.com
1347,Kirstin,Noelyn,Kirstin.Noelyn@yopmail.com
1348,Vevay,Chrystel,Vevay.Chrystel@yopmail.com
1349,Cam,Persse,Cam.Persse@yopmail.com
1350,Elfreda,Darian,Elfreda.Darian@yopmail.com
1351,Marcelline,Allare,Marcelline.Allare@yopmail.com
1352,Renie,Rossner,Renie.Rossner@yopmail.com
1353,Roberta,Howlyn,Roberta.Howlyn@yopmail.com
1354,Lilith,Thad,Lilith.Thad@yopmail.com
1355,Gloria,Ammann,Gloria.Ammann@yopmail.com
1356,Fanny,Berriman,Fanny.Berriman@yopmail.com
1357,Tamqrah,Klemperer,Tamqrah.Klemperer@yopmail.com
1358,Cecile,Campball,Cecile.Campball@yopmail.com
1359,Marleah,Bobbee,Marleah.Bobbee@yopmail.com
1360,Jaclyn,Gilmour,Jaclyn.Gilmour@yopmail.com
1361,Cristine,Ellord,Cristine.Ellord@yopmail.com
1362,Sindee,Dichy,Sindee.Dichy@yopmail.com
1363,Ronna,Tayib,Ronna.Tayib@yopmail.com
1364,Donetta,Chinua,Donetta.Chinua@yopmail.com
1365,Jaclyn,Halsey,Jaclyn.Halsey@yopmail.com
1366,Nita,Hewitt,Nita.Hewitt@yopmail.com
1367,Henriette,Redmond,Henriette.Redmond@yopmail.com
1368,Shaine,Bow,Shaine.Bow@yopmail.com
1369,Coral,Beniamino,Coral.Beniamino@yopmail.com
1370,Beverley,Loring,Beverley.Loring@yopmail.com
1371,Steffane,Tacye,Steffane.Tacye@yopmail.com
1372,Elora,Bollay,Elora.Bollay@yopmail.com
1373,Annaliese,Gale,Annaliese.Gale@yopmail.com
1374,Sadie,Hunfredo,Sadie.Hunfredo@yopmail.com
1375,Cherilyn,Constancy,Cherilyn.Constancy@yopmail.com
1376,Barbara,Seagraves,Barbara.Seagraves@yopmail.com
1377,Shandie,Pond,Shandie.Pond@yopmail.com
1378,Maryellen,Wilona,Maryellen.Wilona@yopmail.com
1379,Ninnetta,Baylor,Ninnetta.Baylor@yopmail.com
1380,Linet,Valerio,Linet.Valerio@yopmail.com
1381,Judy,Lacombe,Judy.Lacombe@yopmail.com
1382,Alie,Ardeha,Alie.Ardeha@yopmail.com
1383,Ardenia,Jeanne,Ardenia.Jeanne@yopmail.com
1384,Lyssa,Gahl,Lyssa.Gahl@yopmail.com
1385,Kaia,Myrilla,Kaia.Myrilla@yopmail.com
1386,Jsandye,Ader,Jsandye.Ader@yopmail.com
1387,Jolyn,Hubert,Jolyn.Hubert@yopmail.com
1388,Glynnis,Ogren,Glynnis.Ogren@yopmail.com
1389,Delilah,Bow,Delilah.Bow@yopmail.com
1390,Kore,Kolnick,Kore.Kolnick@yopmail.com
1391,Abbie,Darbie,Abbie.Darbie@yopmail.com
1392,Kylynn,Reinke,Kylynn.Reinke@yopmail.com
1393,Rhea,Paine,Rhea.Paine@yopmail.com
1394,Raquela,Malina,Raquela.Malina@yopmail.com
1395,Max,Paine,Max.Paine@yopmail.com
1396,Camile,Wandie,Camile.Wandie@yopmail.com
1397,Joy,Kendrick,Joy.Kendrick@yopmail.com
1398,Leontine,Tamar,Leontine.Tamar@yopmail.com
1399,Althea,Constancy,Althea.Constancy@yopmail.com
1400,Brandise,Isacco,Brandise.Isacco@yopmail.com
1401,Delilah,Romelda,Delilah.Romelda@yopmail.com
1402,Linet,Karna,Linet.Karna@yopmail.com
1403,Cristine,Lay,Cristine.Lay@yopmail.com
1404,Candy,Docilla,Candy.Docilla@yopmail.com
1405,Berta,Herrera,Berta.Herrera@yopmail.com
1406,Vita,Ries,Vita.Ries@yopmail.com
1407,Leeanne,Bonilla,Leeanne.Bonilla@yopmail.com
1408,Dania,Diogenes,Dania.Diogenes@yopmail.com
1409,Stacey,Helfand,Stacey.Helfand@yopmail.com
1410,Fanny,Gower,Fanny.Gower@yopmail.com
1411,Tobe,Hazlett,Tobe.Hazlett@yopmail.com
1412,Morganica,Beebe,Morganica.Beebe@yopmail.com
1413,Rubie,Daniele,Rubie.Daniele@yopmail.com
1414,Gwyneth,Screens,Gwyneth.Screens@yopmail.com
1415,Tilly,Pacorro,Tilly.Pacorro@yopmail.com
1416,Dorene,Eben,Dorene.Eben@yopmail.com
1417,Marita,Haerr,Marita.Haerr@yopmail.com
1418,Barbara,Franza,Barbara.Franza@yopmail.com
1419,Beatriz,Wolfgram,Beatriz.Wolfgram@yopmail.com
1420,Genevra,Vivle,Genevra.Vivle@yopmail.com
1421,Shaine,Thad,Shaine.Thad@yopmail.com
1422,Perry,Quent,Perry.Quent@yopmail.com
1423,Tobe,Talia,Tobe.Talia@yopmail.com
1424,Teddie,Whittaker,Teddie.Whittaker@yopmail.com
1425,Adelle,Lattie,Adelle.Lattie@yopmail.com
1426,Elmira,Felizio,Elmira.Felizio@yopmail.com
1427,Mellicent,Chrystel,Mellicent.Chrystel@yopmail.com
1428,Joane,Brunell,Joane.Brunell@yopmail.com
1429,Karolina,Chrystel,Karolina.Chrystel@yopmail.com
1430,Delilah,Madaih,Delilah.Madaih@yopmail.com
1431,Gretal,Fadiman,Gretal.Fadiman@yopmail.com
1432,Concettina,Pacorro,Concettina.Pacorro@yopmail.com
1433,Lucille,Haldas,Lucille.Haldas@yopmail.com
1434,Edyth,Hoenack,Edyth.Hoenack@yopmail.com
1435,Jacquetta,Borrell,Jacquetta.Borrell@yopmail.com
1436,Dorothy,Kevon,Dorothy.Kevon@yopmail.com
1437,Ofilia,Hedve,Ofilia.Hedve@yopmail.com
1438,Sadie,Marcellus,Sadie.Marcellus@yopmail.com
1439,Joy,Friede,Joy.Friede@yopmail.com
1440,Deloria,Thad,Deloria.Thad@yopmail.com
1441,Cyb,Morgun,Cyb.Morgun@yopmail.com
1442,Julieta,Hepsibah,Julieta.Hepsibah@yopmail.com
1443,Norine,Marlie,Norine.Marlie@yopmail.com
1444,Shell,Hertzfeld,Shell.Hertzfeld@yopmail.com
1445,Dianemarie,Faust,Dianemarie.Faust@yopmail.com
1446,Nataline,Lacombe,Nataline.Lacombe@yopmail.com
1447,Cristine,Jena,Cristine.Jena@yopmail.com
1448,Lacie,Colp,Lacie.Colp@yopmail.com
1449,Emelina,Francyne,Emelina.Francyne@yopmail.com
1450,Mahalia,Agle,Mahalia.Agle@yopmail.com
1451,Sybille,Gaynor,Sybille.Gaynor@yopmail.com
1452,Malina,Bohlin,Malina.Bohlin@yopmail.com
1453,Goldie,Slifka,Goldie.Slifka@yopmail.com
1454,Deirdre,Kellby,Deirdre.Kellby@yopmail.com
1455,Kaia,Sawtelle,Kaia.Sawtelle@yopmail.com
1456,Arabel,Martguerita,Arabel.Martguerita@yopmail.com
1457,Basia,Redmond,Basia.Redmond@yopmail.com
1458,Olivette,Stoller,Olivette.Stoller@yopmail.com
1459,Rosaline,McGrody,Rosaline.McGrody@yopmail.com
1460,Eadie,Myrilla,Eadie.Myrilla@yopmail.com
1461,Clarice,Anselmi,Clarice.Anselmi@yopmail.com
1462,Sarette,Zeeba,Sarette.Zeeba@yopmail.com
1463,Patricia,Ovid,Patricia.Ovid@yopmail.com
1464,Katleen,Nickola,Katleen.Nickola@yopmail.com
1465,Hallie,Camden,Hallie.Camden@yopmail.com
1466,Renae,Delacourt,Renae.Delacourt@yopmail.com
1467,Gerrie,Saree,Gerrie.Saree@yopmail.com
1468,Sallie,Rhu,Sallie.Rhu@yopmail.com
1469,Catrina,Howlyn,Catrina.Howlyn@yopmail.com
1470,Joy,Sperling,Joy.Sperling@yopmail.com
1471,Jemie,Kress,Jemie.Kress@yopmail.com
1472,Tomasina,Arley,Tomasina.Arley@yopmail.com
1473,Sabina,Fulmer,Sabina.Fulmer@yopmail.com
1474,Sue,Waite,Sue.Waite@yopmail.com
1475,June,Ezar,June.Ezar@yopmail.com
1476,Gavrielle,Gerge,Gavrielle.Gerge@yopmail.com
1477,Glenda,Lareena,Glenda.Lareena@yopmail.com
1478,Merci,Presber,Merci.Presber@yopmail.com
1479,Michaelina,McCutcheon,Michaelina.McCutcheon@yopmail.com
1480,Ariela,Maiah,Ariela.Maiah@yopmail.com
1481,Norine,Hertzfeld,Norine.Hertzfeld@yopmail.com
1482,Ginnie,Urania,Ginnie.Urania@yopmail.com
1483,Jerry,Zaslow,Jerry.Zaslow@yopmail.com
1484,Maye,Lemuela,Maye.Lemuela@yopmail.com
1485,Aaren,Schroth,Aaren.Schroth@yopmail.com
1486,Bertine,Simmonds,Bertine.Simmonds@yopmail.com
1487,Cordi,Durware,Cordi.Durware@yopmail.com
1488,Rosaline,Zaslow,Rosaline.Zaslow@yopmail.com
1489,Gianina,Eachern,Gianina.Eachern@yopmail.com
1490,Suzette,Prober,Suzette.Prober@yopmail.com
1491,Mireielle,Grobe,Mireielle.Grobe@yopmail.com
1492,Talya,Cavan,Talya.Cavan@yopmail.com
1493,Shaylyn,Margarete,Shaylyn.Margarete@yopmail.com
1494,Jinny,Maroney,Jinny.Maroney@yopmail.com
1495,Cyndie,Genna,Cyndie.Genna@yopmail.com
1496,Ashlee,Kimmie,Ashlee.Kimmie@yopmail.com
1497,Dari,Goerke,Dari.Goerke@yopmail.com
1498,Kerrin,Faso,Kerrin.Faso@yopmail.com
1499,Frances,Evangelia,Frances.Evangelia@yopmail.com
1500,Rosaline,Earlie,Rosaline.Earlie@yopmail.com
1501,Gloria,Gregrory,Gloria.Gregrory@yopmail.com
1502,Kerrin,Pitt,Kerrin.Pitt@yopmail.com
1503,Shaine,Nisbet,Shaine.Nisbet@yopmail.com
1504,Maurene,Trace,Maurene.Trace@yopmail.com
1505,Allyce,Joeann,Allyce.Joeann@yopmail.com
1506,Anallese,Alfons,Anallese.Alfons@yopmail.com
1507,Ada,Trey,Ada.Trey@yopmail.com
1508,Aryn,Katrine,Aryn.Katrine@yopmail.com
1509,Kary,Oster,Kary.Oster@yopmail.com
1510,Mellicent,Thornburg,Mellicent.Thornburg@yopmail.com
1511,Jenilee,McNully,Jenilee.McNully@yopmail.com
1512,Hayley,Reneta,Hayley.Reneta@yopmail.com
1513,Bernie,Nelsen,Bernie.Nelsen@yopmail.com
1514,Kimberley,Mintz,Kimberley.Mintz@yopmail.com
1515,Tami,Kronfeld,Tami.Kronfeld@yopmail.com
1516,Britte,Sundin,Britte.Sundin@yopmail.com
1517,Lita,Audly,Lita.Audly@yopmail.com
1518,Mahalia,Grimbly,Mahalia.Grimbly@yopmail.com
1519,Rozele,Anestassia,Rozele.Anestassia@yopmail.com
1520,Juliane,Marsden,Juliane.Marsden@yopmail.com
1521,Hettie,Palocz,Hettie.Palocz@yopmail.com
1522,Andree,Frendel,Andree.Frendel@yopmail.com
1523,Neila,Cynar,Neila.Cynar@yopmail.com
1524,Cristabel,Angelis,Cristabel.Angelis@yopmail.com
1525,Rori,Strephon,Rori.Strephon@yopmail.com
1526,Susan,Wattenberg,Susan.Wattenberg@yopmail.com
1527,Wynne,Hailee,Wynne.Hailee@yopmail.com
1528,Lulita,Hutchison,Lulita.Hutchison@yopmail.com
1529,Sindee,Pauly,Sindee.Pauly@yopmail.com
1530,Merrie,Hanshaw,Merrie.Hanshaw@yopmail.com
1531,Marguerite,Kiersten,Marguerite.Kiersten@yopmail.com
1532,Ingrid,Jethro,Ingrid.Jethro@yopmail.com
1533,Romona,Cookie,Romona.Cookie@yopmail.com
1534,Lory,Iphlgenia,Lory.Iphlgenia@yopmail.com
1535,Margarette,Autrey,Margarette.Autrey@yopmail.com
1536,Rori,Vacuva,Rori.Vacuva@yopmail.com
1537,Deedee,Gamaliel,Deedee.Gamaliel@yopmail.com
1538,Stephanie,Baudin,Stephanie.Baudin@yopmail.com
1539,Elsie,Fulmer,Elsie.Fulmer@yopmail.com
1540,Gui,Himelman,Gui.Himelman@yopmail.com
1541,Leeanne,Vorster,Leeanne.Vorster@yopmail.com
1542,Corina,Helve,Corina.Helve@yopmail.com
1543,Renie,Wu,Renie.Wu@yopmail.com
1544,Alie,Agle,Alie.Agle@yopmail.com
1545,Jean,Douglass,Jean.Douglass@yopmail.com
1546,Tybie,Bendick,Tybie.Bendick@yopmail.com
1547,Dorene,Dituri,Dorene.Dituri@yopmail.com
1548,Maisey,Gabrielli,Maisey.Gabrielli@yopmail.com
1549,Alie,Whittaker,Alie.Whittaker@yopmail.com
1550,Deloria,Teryn,Deloria.Teryn@yopmail.com
1551,Meg,Argus,Meg.Argus@yopmail.com
1552,Wileen,Bronk,Wileen.Bronk@yopmail.com
1553,Blondelle,Bohlin,Blondelle.Bohlin@yopmail.com
1554,Candy,Schenck,Candy.Schenck@yopmail.com
1555,Dorthy,Schroth,Dorthy.Schroth@yopmail.com
1556,Jan,Erich,Jan.Erich@yopmail.com
1557,Helsa,Tillford,Helsa.Tillford@yopmail.com
1558,Hollie,Morgun,Hollie.Morgun@yopmail.com
1559,Nananne,Nester,Nananne.Nester@yopmail.com
1560,Ninnetta,Slifka,Ninnetta.Slifka@yopmail.com
1561,Lory,Manolo,Lory.Manolo@yopmail.com
1562,Kristan,Bartlett,Kristan.Bartlett@yopmail.com
1563,Brandise,Deegan,Brandise.Deegan@yopmail.com
1564,Giustina,Toni,Giustina.Toni@yopmail.com
1565,Winifred,Bebe,Winifred.Bebe@yopmail.com
1566,Jacenta,Genna,Jacenta.Genna@yopmail.com
1567,Fina,Yorick,Fina.Yorick@yopmail.com
1568,Tybie,Virgin,Tybie.Virgin@yopmail.com
1569,Dianemarie,Federica,Dianemarie.Federica@yopmail.com
1570,Selia,Dorcy,Selia.Dorcy@yopmail.com
1571,Shirlee,Payson,Shirlee.Payson@yopmail.com
1572,Lucy,Nelsen,Lucy.Nelsen@yopmail.com
1573,Ernesta,Tillford,Ernesta.Tillford@yopmail.com
1574,Ketti,Sekofski,Ketti.Sekofski@yopmail.com
1575,Rosabelle,Libna,Rosabelle.Libna@yopmail.com
1576,Elyssa,Halla,Elyssa.Halla@yopmail.com
1577,Verla,Edison,Verla.Edison@yopmail.com
1578,Pearline,Reidar,Pearline.Reidar@yopmail.com
1579,Hayley,Cleo,Hayley.Cleo@yopmail.com
1580,Esmeralda,Rustice,Esmeralda.Rustice@yopmail.com
1581,Kerrin,Jacobah,Kerrin.Jacobah@yopmail.com
1582,Sharlene,Peti,Sharlene.Peti@yopmail.com
1583,Judy,Vanni,Judy.Vanni@yopmail.com
1584,Joeann,Jacqui,Joeann.Jacqui@yopmail.com
1585,Anestassia,O'Neill,Anestassia.O'Neill@yopmail.com
1586,Tressa,Ruvolo,Tressa.Ruvolo@yopmail.com
1587,Renae,Nerita,Renae.Nerita@yopmail.com
1588,Claudina,Yoko,Claudina.Yoko@yopmail.com
1589,Arlina,Deny,Arlina.Deny@yopmail.com
1590,Kalina,Vary,Kalina.Vary@yopmail.com
1591,Emma,Mehalek,Emma.Mehalek@yopmail.com
1592,Carlie,Alva,Carlie.Alva@yopmail.com
1593,Trixi,Kronfeld,Trixi.Kronfeld@yopmail.com
1594,Sibella,Haymes,Sibella.Haymes@yopmail.com
1595,Hildegaard,Taima,Hildegaard.Taima@yopmail.com
1596,Patricia,Lucienne,Patricia.Lucienne@yopmail.com
1597,Nanete,Cleavland,Nanete.Cleavland@yopmail.com
1598,Darlleen,Zetta,Darlleen.Zetta@yopmail.com
1599,Nelle,Emmy,Nelle.Emmy@yopmail.com
1600,Katuscha,Skell,Katuscha.Skell@yopmail.com
1601,Patricia,Lubin,Patricia.Lubin@yopmail.com
1602,Mary,Vale,Mary.Vale@yopmail.com
1603,Asia,Daniele,Asia.Daniele@yopmail.com
1604,Elbertina,Korey,Elbertina.Korey@yopmail.com
1605,Wendi,Fredi,Wendi.Fredi@yopmail.com
1606,Viviene,Myrilla,Viviene.Myrilla@yopmail.com
1607,Alex,Nerita,Alex.Nerita@yopmail.com
1608,Tomasina,Pip,Tomasina.Pip@yopmail.com
1609,Alie,Desai,Alie.Desai@yopmail.com
1610,Madalyn,Shelba,Madalyn.Shelba@yopmail.com
1611,Dorene,Edison,Dorene.Edison@yopmail.com
1612,Judy,Wenoa,Judy.Wenoa@yopmail.com
1613,Marita,Lail,Marita.Lail@yopmail.com
1614,Annora,Astra,Annora.Astra@yopmail.com
1615,Anallese,Jacobah,Anallese.Jacobah@yopmail.com
1616,Frances,Adore,Frances.Adore@yopmail.com
1617,Maye,Rosalba,Maye.Rosalba@yopmail.com
1618,Correy,Berne,Correy.Berne@yopmail.com
1619,Cassondra,Aprile,Cassondra.Aprile@yopmail.com
1620,Elsie,Berriman,Elsie.Berriman@yopmail.com
1621,Doro,Kelula,Doro.Kelula@yopmail.com
1622,Belva,Annice,Belva.Annice@yopmail.com
1623,Joy,Zuzana,Joy.Zuzana@yopmail.com
1624,Sidoney,Ambrosia,Sidoney.Ambrosia@yopmail.com
1625,Janeczka,Kussell,Janeczka.Kussell@yopmail.com
1626,Yvonne,Viddah,Yvonne.Viddah@yopmail.com
1627,Roxane,Allys,Roxane.Allys@yopmail.com
1628,Harrietta,Presber,Harrietta.Presber@yopmail.com
1629,Almeta,Paine,Almeta.Paine@yopmail.com
1630,Marylou,Rillings,Marylou.Rillings@yopmail.com
1631,Gabriellia,Bluh,Gabriellia.Bluh@yopmail.com
1632,Alie,Carleen,Alie.Carleen@yopmail.com
1633,Krystle,Oneida,Krystle.Oneida@yopmail.com
1634,Zaria,Lunsford,Zaria.Lunsford@yopmail.com
1635,Julieta,Kimmie,Julieta.Kimmie@yopmail.com
1636,Farrah,Firmin,Farrah.Firmin@yopmail.com
1637,Codie,Shama,Codie.Shama@yopmail.com
1638,Josephine,Bollay,Josephine.Bollay@yopmail.com
1639,Jaclyn,Luhe,Jaclyn.Luhe@yopmail.com
1640,Yetty,Neils,Yetty.Neils@yopmail.com
1641,Teriann,Gower,Teriann.Gower@yopmail.com
1642,Philis,Azeria,Philis.Azeria@yopmail.com
1643,Ilse,Euridice,Ilse.Euridice@yopmail.com
1644,Elvira,Hourigan,Elvira.Hourigan@yopmail.com
1645,Diena,Tomasina,Diena.Tomasina@yopmail.com
1646,Jeanna,McCutcheon,Jeanna.McCutcheon@yopmail.com
1647,Kayla,Freddi,Kayla.Freddi@yopmail.com
1648,Marita,Garlinda,Marita.Garlinda@yopmail.com
1649,Mellicent,Clie,Mellicent.Clie@yopmail.com
1650,Elyssa,Yoko,Elyssa.Yoko@yopmail.com
1651,Linet,Naor,Linet.Naor@yopmail.com
1652,Rhea,Kiyoshi,Rhea.Kiyoshi@yopmail.com
1653,Rhea,Gabrielli,Rhea.Gabrielli@yopmail.com
1654,Nikki,Henebry,Nikki.Henebry@yopmail.com
1655,Kate,Mata,Kate.Mata@yopmail.com
1656,Consuela,Riordan,Consuela.Riordan@yopmail.com
1657,Shandie,Astra,Shandie.Astra@yopmail.com
1658,Glynnis,Kaja,Glynnis.Kaja@yopmail.com
1659,Annabela,Mayeda,Annabela.Mayeda@yopmail.com
1660,Mahalia,Raul,Mahalia.Raul@yopmail.com
1661,Lilith,Hylan,Lilith.Hylan@yopmail.com
1662,Yetty,Swanhildas,Yetty.Swanhildas@yopmail.com
1663,Fred,Dalli,Fred.Dalli@yopmail.com
1664,Corry,Zrike,Corry.Zrike@yopmail.com
1665,Lusa,Madelene,Lusa.Madelene@yopmail.com
1666,Donnie,Tremayne,Donnie.Tremayne@yopmail.com
1667,Raf,Dreda,Raf.Dreda@yopmail.com
1668,Corly,Dahlia,Corly.Dahlia@yopmail.com
1669,Lorne,Robertson,Lorne.Robertson@yopmail.com
1670,Ivett,Dawkins,Ivett.Dawkins@yopmail.com
1671,Sadie,Jefferey,Sadie.Jefferey@yopmail.com
1672,Camile,Sheedy,Camile.Sheedy@yopmail.com
1673,Pearline,Michella,Pearline.Michella@yopmail.com
1674,Aeriela,Dowski,Aeriela.Dowski@yopmail.com
1675,Karena,Goddard,Karena.Goddard@yopmail.com
1676,Mariele,Loleta,Mariele.Loleta@yopmail.com
1677,Daryl,Lilybelle,Daryl.Lilybelle@yopmail.com
1678,Merle,Dorothy,Merle.Dorothy@yopmail.com
1679,Darlleen,Wenda,Darlleen.Wenda@yopmail.com
1680,Mara,Vorster,Mara.Vorster@yopmail.com
1681,Rosaline,Kare,Rosaline.Kare@yopmail.com
1682,Joane,Orlene,Joane.Orlene@yopmail.com
1683,Celestyna,Dermott,Celestyna.Dermott@yopmail.com
1684,Catharine,Hylan,Catharine.Hylan@yopmail.com
1685,Shirlee,Pillsbury,Shirlee.Pillsbury@yopmail.com
1686,Carly,Hunfredo,Carly.Hunfredo@yopmail.com
1687,Adriana,Sibyls,Adriana.Sibyls@yopmail.com
1688,Jere,Christine,Jere.Christine@yopmail.com
1689,Mariann,Prober,Mariann.Prober@yopmail.com
1690,Renie,Ader,Renie.Ader@yopmail.com
1691,Sharlene,Shama,Sharlene.Shama@yopmail.com
1692,Ruthe,Thilda,Ruthe.Thilda@yopmail.com
1693,Fina,Marlie,Fina.Marlie@yopmail.com
1694,Dorothy,Zitvaa,Dorothy.Zitvaa@yopmail.com
1695,Nessie,Bigner,Nessie.Bigner@yopmail.com
1696,Willetta,Kat,Willetta.Kat@yopmail.com
1697,Bernie,Sallyann,Bernie.Sallyann@yopmail.com
1698,Charmaine,Loleta,Charmaine.Loleta@yopmail.com
1699,Abbie,Whittaker,Abbie.Whittaker@yopmail.com
1700,Ariela,Masao,Ariela.Masao@yopmail.com
1701,Josephine,Bennie,Josephine.Bennie@yopmail.com
1702,Clementine,Jena,Clementine.Jena@yopmail.com
1703,Deloria,Janene,Deloria.Janene@yopmail.com
1704,Eadie,Karl,Eadie.Karl@yopmail.com
1705,Arabel,Horan,Arabel.Horan@yopmail.com
1706,Mamie,Krystle,Mamie.Krystle@yopmail.com
1707,Mallory,Carmena,Mallory.Carmena@yopmail.com
1708,Pierette,Tannie,Pierette.Tannie@yopmail.com
1709,Arlena,Glovsky,Arlena.Glovsky@yopmail.com
1710,Morganica,Colbert,Morganica.Colbert@yopmail.com
1711,Karolina,Oster,Karolina.Oster@yopmail.com
1712,Louella,Eugenia,Louella.Eugenia@yopmail.com
1713,Ellette,Bashemeth,Ellette.Bashemeth@yopmail.com
1714,Michaelina,Calhoun,Michaelina.Calhoun@yopmail.com
1715,Nickie,Valoniah,Nickie.Valoniah@yopmail.com
1716,Aaren,Eugenia,Aaren.Eugenia@yopmail.com
1717,Ginnie,Baptlsta,Ginnie.Baptlsta@yopmail.com
1718,Meghann,Felizio,Meghann.Felizio@yopmail.com
1719,Gilda,Naashom,Gilda.Naashom@yopmail.com
1720,Kayla,Weinreb,Kayla.Weinreb@yopmail.com
1721,Sidoney,Zetta,Sidoney.Zetta@yopmail.com
1722,Marleah,Land,Marleah.Land@yopmail.com
1723,Winifred,Georas,Winifred.Georas@yopmail.com
1724,Gwyneth,Germann,Gwyneth.Germann@yopmail.com
1725,Ketti,Fosque,Ketti.Fosque@yopmail.com
1726,Nonnah,Carmena,Nonnah.Carmena@yopmail.com
1727,Blinni,Wattenberg,Blinni.Wattenberg@yopmail.com
1728,Judy,Berard,Judy.Berard@yopmail.com
1729,Amara,Anestassia,Amara.Anestassia@yopmail.com
1730,Mireielle,Rese,Mireielle.Rese@yopmail.com
1731,Reeba,Dex,Reeba.Dex@yopmail.com
1732,Delilah,Regan,Delilah.Regan@yopmail.com
1733,Valera,Calhoun,Valera.Calhoun@yopmail.com
1734,Gloria,Hubert,Gloria.Hubert@yopmail.com
1735,Celisse,Rolf,Celisse.Rolf@yopmail.com
1736,Lolita,Diann,Lolita.Diann@yopmail.com
1737,Aaren,Ietta,Aaren.Ietta@yopmail.com
1738,Betta,Cristi,Betta.Cristi@yopmail.com
1739,Jolyn,Judye,Jolyn.Judye@yopmail.com
1740,Doralynne,Carvey,Doralynne.Carvey@yopmail.com
1741,Jenilee,Dudley,Jenilee.Dudley@yopmail.com
1742,Catharine,Liebermann,Catharine.Liebermann@yopmail.com
1743,Nannie,Karna,Nannie.Karna@yopmail.com
1744,Phylis,Jalbert,Phylis.Jalbert@yopmail.com
1745,Fawne,Sasnett,Fawne.Sasnett@yopmail.com
1746,Philis,Bigner,Philis.Bigner@yopmail.com
1747,Eadie,Virgin,Eadie.Virgin@yopmail.com
1748,Yolane,Macey,Yolane.Macey@yopmail.com
1749,Vita,Wenoa,Vita.Wenoa@yopmail.com
1750,Rubie,Monk,Rubie.Monk@yopmail.com
1751,Amelia,Sawtelle,Amelia.Sawtelle@yopmail.com
1752,Tobe,Kesley,Tobe.Kesley@yopmail.com
1753,Tori,Tamsky,Tori.Tamsky@yopmail.com
1754,Teddie,Abernon,Teddie.Abernon@yopmail.com
1755,Margarette,Erb,Margarette.Erb@yopmail.com
1756,Kore,Weitman,Kore.Weitman@yopmail.com
1757,Yvonne,Sparhawk,Yvonne.Sparhawk@yopmail.com
1758,Quintina,Hessler,Quintina.Hessler@yopmail.com
1759,Consuela,Leffen,Consuela.Leffen@yopmail.com
1760,Nyssa,Bach,Nyssa.Bach@yopmail.com
1761,Korrie,Ilka,Korrie.Ilka@yopmail.com
1762,Corene,Mich,Corene.Mich@yopmail.com
1763,Nelle,Tyson,Nelle.Tyson@yopmail.com
1764,Marti,Roche,Marti.Roche@yopmail.com
1765,Tina,Delila,Tina.Delila@yopmail.com
1766,Dyann,Tamar,Dyann.Tamar@yopmail.com
1767,Cathie,Meli,Cathie.Meli@yopmail.com
1768,Latisha,Bergman,Latisha.Bergman@yopmail.com
1769,Beth,Waldron,Beth.Waldron@yopmail.com
1770,Oralee,Deegan,Oralee.Deegan@yopmail.com
1771,Amelia,Manolo,Amelia.Manolo@yopmail.com
1772,Jessy,Jethro,Jessy.Jethro@yopmail.com
1773,Bill,Rheingold,Bill.Rheingold@yopmail.com
1774,Chloris,Adamsen,Chloris.Adamsen@yopmail.com
1775,Ardys,Hutchison,Ardys.Hutchison@yopmail.com
1776,Myriam,Leler,Myriam.Leler@yopmail.com
1777,Shaylyn,Chaing,Shaylyn.Chaing@yopmail.com
1778,Regina,Etom,Regina.Etom@yopmail.com
1779,Monika,Callista,Monika.Callista@yopmail.com
1780,Nicoli,Phaidra,Nicoli.Phaidra@yopmail.com
1781,Dania,Aida,Dania.Aida@yopmail.com
1782,Ruthe,Nore,Ruthe.Nore@yopmail.com
1783,Bernie,Fontana,Bernie.Fontana@yopmail.com
1784,Chere,Yerkovich,Chere.Yerkovich@yopmail.com
1785,Ingrid,Martsen,Ingrid.Martsen@yopmail.com
1786,Louella,Bigner,Louella.Bigner@yopmail.com
1787,Leanna,Diogenes,Leanna.Diogenes@yopmail.com
1788,Trixi,Pascia,Trixi.Pascia@yopmail.com
1789,Ketti,Eachern,Ketti.Eachern@yopmail.com
1790,Talya,Faust,Talya.Faust@yopmail.com
1791,Kaia,Maribeth,Kaia.Maribeth@yopmail.com
1792,Shirlee,Wareing,Shirlee.Wareing@yopmail.com
1793,Sherrie,Stav,Sherrie.Stav@yopmail.com
1794,Kirbee,Hoenack,Kirbee.Hoenack@yopmail.com
1795,Chrystel,Mitzi,Chrystel.Mitzi@yopmail.com
1796,Charlena,Hazlett,Charlena.Hazlett@yopmail.com
1797,Sashenka,Anestassia,Sashenka.Anestassia@yopmail.com
1798,Kellen,Euridice,Kellen.Euridice@yopmail.com
1799,Ashlee,Valerio,Ashlee.Valerio@yopmail.com
1800,Beth,Cavan,Beth.Cavan@yopmail.com
1801,Maud,Saree,Maud.Saree@yopmail.com
1802,Joelly,Sammons,Joelly.Sammons@yopmail.com
1803,Malina,Lasley,Malina.Lasley@yopmail.com
1804,Violet,Susannah,Violet.Susannah@yopmail.com
1805,Sean,Longfellow,Sean.Longfellow@yopmail.com
1806,Coral,Allys,Coral.Allys@yopmail.com
1807,Bobinette,Kauppi,Bobinette.Kauppi@yopmail.com
1808,Renae,Amasa,Renae.Amasa@yopmail.com
1809,Dawn,Karl,Dawn.Karl@yopmail.com
1810,Lynde,Lorenz,Lynde.Lorenz@yopmail.com
1811,Amalie,Olin,Amalie.Olin@yopmail.com
1812,Ann-Marie,Drisko,Ann-Marie.Drisko@yopmail.com
1813,Dolli,Kravits,Dolli.Kravits@yopmail.com
1814,Yolane,Oneida,Yolane.Oneida@yopmail.com
1815,Jackie,Arvo,Jackie.Arvo@yopmail.com
1816,Meriel,Si,Meriel.Si@yopmail.com
1817,Dorice,Raseda,Dorice.Raseda@yopmail.com
1818,Cyb,Dimitris,Cyb.Dimitris@yopmail.com
1819,Dotty,Seagraves,Dotty.Seagraves@yopmail.com
1820,Minne,Center,Minne.Center@yopmail.com
1821,Darlleen,Merriott,Darlleen.Merriott@yopmail.com
1822,Merci,Byrne,Merci.Byrne@yopmail.com
1823,Zaria,Regan,Zaria.Regan@yopmail.com
1824,Edee,Carolin,Edee.Carolin@yopmail.com
1825,Adelle,Claudine,Adelle.Claudine@yopmail.com
1826,Caressa,Elo,Caressa.Elo@yopmail.com
1827,Marcelline,Carlson,Marcelline.Carlson@yopmail.com
1828,Siana,Belanger,Siana.Belanger@yopmail.com
1829,Allis,Roumell,Allis.Roumell@yopmail.com
1830,Jacquetta,Sperling,Jacquetta.Sperling@yopmail.com
1831,Emmey,Masao,Emmey.Masao@yopmail.com
1832,Ninnetta,Franza,Ninnetta.Franza@yopmail.com
1833,Jolyn,Stoller,Jolyn.Stoller@yopmail.com
1834,Raina,Sabella,Raina.Sabella@yopmail.com
1835,Roslyn,Niccolo,Roslyn.Niccolo@yopmail.com
1836,Merci,Harl,Merci.Harl@yopmail.com
1837,Chere,Vins,Chere.Vins@yopmail.com
1838,Lily,Gerge,Lily.Gerge@yopmail.com
1839,Laure,Pip,Laure.Pip@yopmail.com
1840,Sonni,Ephrem,Sonni.Ephrem@yopmail.com
1841,Silvana,Skurnik,Silvana.Skurnik@yopmail.com
1842,Keelia,Rudolph,Keelia.Rudolph@yopmail.com
1843,Lacie,Bury,Lacie.Bury@yopmail.com
1844,Audrie,Madaih,Audrie.Madaih@yopmail.com
1845,Liana,Marden,Liana.Marden@yopmail.com
1846,Elora,Kathie,Elora.Kathie@yopmail.com
1847,Mahalia,Zitvaa,Mahalia.Zitvaa@yopmail.com
1848,Kassey,Ambrosia,Kassey.Ambrosia@yopmail.com
1849,Ada,Terencio,Ada.Terencio@yopmail.com
1850,Carmela,Karna,Carmela.Karna@yopmail.com
1851,Cherrita,Eachern,Cherrita.Eachern@yopmail.com
1852,Celene,Yoko,Celene.Yoko@yopmail.com
1853,Tera,Oster,Tera.Oster@yopmail.com
1854,Caritta,Longfellow,Caritta.Longfellow@yopmail.com
1855,Thalia,Ax,Thalia.Ax@yopmail.com
1856,Dulce,Catie,Dulce.Catie@yopmail.com
1857,Lacie,Dorcy,Lacie.Dorcy@yopmail.com
1858,Joceline,Kathie,Joceline.Kathie@yopmail.com
1859,Paule,MacIntosh,Paule.MacIntosh@yopmail.com
1860,Alie,Fleeta,Alie.Fleeta@yopmail.com
1861,Brena,Muriel,Brena.Muriel@yopmail.com
1862,Nannie,Stuart,Nannie.Stuart@yopmail.com
1863,Calla,Cristi,Calla.Cristi@yopmail.com
1864,Deane,Percy,Deane.Percy@yopmail.com
1865,Daryl,Raama,Daryl.Raama@yopmail.com
1866,Libbie,Kat,Libbie.Kat@yopmail.com
1867,Dolli,Douglass,Dolli.Douglass@yopmail.com
1868,Penelopa,Chinua,Penelopa.Chinua@yopmail.com
1869,Romona,Casimir,Romona.Casimir@yopmail.com
1870,Selia,Schwejda,Selia.Schwejda@yopmail.com
1871,Leona,Kellby,Leona.Kellby@yopmail.com
1872,Cherilyn,Kevon,Cherilyn.Kevon@yopmail.com
1873,Tami,Lail,Tami.Lail@yopmail.com
1874,Therine,Dearborn,Therine.Dearborn@yopmail.com
1875,Marsiella,Wyn,Marsiella.Wyn@yopmail.com
1876,Flo,Colyer,Flo.Colyer@yopmail.com
1877,Marcy,Tengdin,Marcy.Tengdin@yopmail.com
1878,Tilly,Kirstin,Tilly.Kirstin@yopmail.com
1879,Angela,Irmine,Angela.Irmine@yopmail.com
1880,Feliza,Rustice,Feliza.Rustice@yopmail.com
1881,Sadie,Kinnard,Sadie.Kinnard@yopmail.com
1882,Magdalena,Izaak,Magdalena.Izaak@yopmail.com
1883,Jackie,Alabaster,Jackie.Alabaster@yopmail.com
1884,Marleah,Desai,Marleah.Desai@yopmail.com
1885,Jillayne,Duwalt,Jillayne.Duwalt@yopmail.com
1886,Juliane,Ader,Juliane.Ader@yopmail.com
1887,Dorthy,Kaete,Dorthy.Kaete@yopmail.com
1888,Ingrid,Erb,Ingrid.Erb@yopmail.com
1889,Larine,Cecile,Larine.Cecile@yopmail.com
1890,Steffane,Cristi,Steffane.Cristi@yopmail.com
1891,Genevra,Wattenberg,Genevra.Wattenberg@yopmail.com
1892,Rori,Morrill,Rori.Morrill@yopmail.com
1893,Gabi,Jenness,Gabi.Jenness@yopmail.com
1894,Carlie,Mendez,Carlie.Mendez@yopmail.com
1895,Kellen,Si,Kellen.Si@yopmail.com
1896,Joy,Lissi,Joy.Lissi@yopmail.com
1897,Betta,Ramona,Betta.Ramona@yopmail.com
1898,Jobi,Lattie,Jobi.Lattie@yopmail.com
1899,Rivalee,Ephrem,Rivalee.Ephrem@yopmail.com
1900,Angelique,Radu,Angelique.Radu@yopmail.com
1901,Binny,Travax,Binny.Travax@yopmail.com
1902,Elsie,Honoria,Elsie.Honoria@yopmail.com
1903,Wileen,Jethro,Wileen.Jethro@yopmail.com
1904,Eolanda,Stefa,Eolanda.Stefa@yopmail.com
1905,Caryl,Mich,Caryl.Mich@yopmail.com
1906,Courtnay,Toni,Courtnay.Toni@yopmail.com
1907,Chloris,Ummersen,Chloris.Ummersen@yopmail.com
1908,Madeleine,Redmond,Madeleine.Redmond@yopmail.com
1909,Christy,Flyn,Christy.Flyn@yopmail.com
1910,Sarette,Phaidra,Sarette.Phaidra@yopmail.com
1911,Viki,Bevin,Viki.Bevin@yopmail.com
1912,Demetris,Lanita,Demetris.Lanita@yopmail.com
1913,Kathy,Merell,Kathy.Merell@yopmail.com
1914,Tomasina,Vacuva,Tomasina.Vacuva@yopmail.com
1915,Cathyleen,Ventre,Cathyleen.Ventre@yopmail.com
1916,Ethel,Taima,Ethel.Taima@yopmail.com
1917,Leontine,McNully,Leontine.McNully@yopmail.com
1918,Meg,Dosia,Meg.Dosia@yopmail.com
1919,Jacquetta,Aloise,Jacquetta.Aloise@yopmail.com
1920,Johna,Simmonds,Johna.Simmonds@yopmail.com
1921,Mureil,Francene,Mureil.Francene@yopmail.com
1922,Trixi,Liebermann,Trixi.Liebermann@yopmail.com
1923,Gloria,Skurnik,Gloria.Skurnik@yopmail.com
1924,Yetty,Whiffen,Yetty.Whiffen@yopmail.com
1925,Roz,Wilona,Roz.Wilona@yopmail.com
1926,Marti,Kesley,Marti.Kesley@yopmail.com
1927,Darci,Clara,Darci.Clara@yopmail.com
1928,Candy,Marsden,Candy.Marsden@yopmail.com
1929,Yolane,Ferrell,Yolane.Ferrell@yopmail.com
1930,Charmaine,Faro,Charmaine.Faro@yopmail.com
1931,Pamella,Ambrosia,Pamella.Ambrosia@yopmail.com
1932,Raf,Bartlett,Raf.Bartlett@yopmail.com
1933,Gabi,Harriman,Gabi.Harriman@yopmail.com
1934,Jsandye,Terrence,Jsandye.Terrence@yopmail.com
1935,Xylina,Zetta,Xylina.Zetta@yopmail.com
1936,Darlleen,Eiser,Darlleen.Eiser@yopmail.com
1937,Ariela,Arley,Ariela.Arley@yopmail.com
1938,Chere,Krystle,Chere.Krystle@yopmail.com
1939,Kalina,Hazlett,Kalina.Hazlett@yopmail.com
1940,Alisha,Armanda,Alisha.Armanda@yopmail.com
1941,Therine,Tufts,Therine.Tufts@yopmail.com
1942,Elbertina,Thomasina,Elbertina.Thomasina@yopmail.com
1943,Tori,Ovid,Tori.Ovid@yopmail.com
1944,Noelle,Berriman,Noelle.Berriman@yopmail.com
1945,Amii,Joachim,Amii.Joachim@yopmail.com
1946,Kenna,Center,Kenna.Center@yopmail.com
1947,Edyth,MacIntosh,Edyth.MacIntosh@yopmail.com
1948,Tybie,Genna,Tybie.Genna@yopmail.com
1949,Kary,Percy,Kary.Percy@yopmail.com
1950,Raf,Weide,Raf.Weide@yopmail.com
1951,Rosaline,Amasa,Rosaline.Amasa@yopmail.com
1952,Merci,Madelene,Merci.Madelene@yopmail.com
1953,Dulcinea,Rozanna,Dulcinea.Rozanna@yopmail.com
1954,Marti,Schlosser,Marti.Schlosser@yopmail.com
1955,Zia,Turne,Zia.Turne@yopmail.com
1956,Ursulina,Nester,Ursulina.Nester@yopmail.com
1957,Ellette,Bultman,Ellette.Bultman@yopmail.com
1958,Ira,Hermes,Ira.Hermes@yopmail.com
1959,Madalyn,Merell,Madalyn.Merell@yopmail.com
1960,Genovera,Caitlin,Genovera.Caitlin@yopmail.com
1961,Paule,Terrence,Paule.Terrence@yopmail.com
1962,Fanny,Emmy,Fanny.Emmy@yopmail.com
1963,Jenilee,Cosenza,Jenilee.Cosenza@yopmail.com
1964,Margarette,Alice,Margarette.Alice@yopmail.com
1965,Mahalia,Smitt,Mahalia.Smitt@yopmail.com
1966,Abbie,Ovid,Abbie.Ovid@yopmail.com
1967,Tami,Lasley,Tami.Lasley@yopmail.com
1968,Di,Cutlerr,Di.Cutlerr@yopmail.com
1969,Evaleen,Markman,Evaleen.Markman@yopmail.com
1970,Andree,Seessel,Andree.Seessel@yopmail.com
1971,Teddie,Alejoa,Teddie.Alejoa@yopmail.com
1972,Fina,Jeanne,Fina.Jeanne@yopmail.com
1973,Jean,Swigart,Jean.Swigart@yopmail.com
1974,Fawne,Norrie,Fawne.Norrie@yopmail.com
1975,Anthia,Poll,Anthia.Poll@yopmail.com
1976,Willetta,Aloise,Willetta.Aloise@yopmail.com
1977,Valeda,Charity,Valeda.Charity@yopmail.com
1978,Teriann,Ietta,Teriann.Ietta@yopmail.com
1979,Helena,Mendez,Helena.Mendez@yopmail.com
1980,Myriam,Faro,Myriam.Faro@yopmail.com
1981,Britte,Mayeda,Britte.Mayeda@yopmail.com
1982,Charlena,Aldric,Charlena.Aldric@yopmail.com
1983,Marti,Carbo,Marti.Carbo@yopmail.com
1984,Kimberley,Cavan,Kimberley.Cavan@yopmail.com
1985,Karena,Reinke,Karena.Reinke@yopmail.com
1986,Arlina,Center,Arlina.Center@yopmail.com
1987,Cordi,Kannry,Cordi.Kannry@yopmail.com
1988,Leeanne,Ardra,Leeanne.Ardra@yopmail.com
1989,Mariann,Fairweather,Mariann.Fairweather@yopmail.com
1990,Bee,Felecia,Bee.Felecia@yopmail.com
1991,Vonny,Llovera,Vonny.Llovera@yopmail.com
1992,Kary,Sothena,Kary.Sothena@yopmail.com
1993,Lorne,Erich,Lorne.Erich@yopmail.com
1994,Tierney,Garrison,Tierney.Garrison@yopmail.com
1995,Kathi,Kelula,Kathi.Kelula@yopmail.com
1996,Jessy,Ioab,Jessy.Ioab@yopmail.com
1997,Marnia,Karylin,Marnia.Karylin@yopmail.com
1998,Luci,Behre,Luci.Behre@yopmail.com
1999,Phylis,Jagir,Phylis.Jagir@yopmail.com